﻿format,True_labels,Predicted_labels,Input-conflicting,Factual inaccuracies,Context-conflicting,Nonsensical responses
OV1,bus,walk,0,0,0,0
OV1,walk,bus,1,1,0,0
OV1,car,subway,0,0,0,0
OV1,car,car,1,0,0,0
OV1,walk,walk,0,0,0,0
OV1,bus,bus,1,1,0,0
OV1,walk,bus,1,0,0,0
OV1,walk,walk,0,0,0,0
OV1,walk,walk,1,0,0,0
OV1,bus,bike,1,1,0,0
OV1,car,walk,0,0,0,0
OV1,walk,walk,0,0,0,0
OV1,bus,bus,0,0,0,0
OV1,walk,walk,0,0,0,0
OV1,bike,bike,1,0,0,0
OV1,bus,walk,1,0,0,0
OV1,bus,subway,1,0,0,0
OV1,bus,bus,1,1,0,0
OV1,car,subway,0,0,0,0
OV1,subway,car,1,0,0,0
OV1,walk,walk,1,1,0,0
OV1,walk,walk,0,0,0,0
OV1,bike,walk,0,0,0,0
OV1,bus,walk,1,0,0,0
OV1,walk,walk,0,0,0,0
OV1,walk,walk,0,0,0,0
OV1,walk,walk,0,0,0,0
OV1,bike,walk,1,1,0,0
OV1,bike,bike,0,0,0,1
OV1,bike,bike,0,0,0,0
OV1,bus,car,0,0,0,0
OV1,bike,bike,1,0,0,0
OV1,walk,walk,0,0,0,0
OV1,bike,bus,0,0,0,0
OV1,car,bike,0,0,0,0
OV1,walk,walk,1,0,0,0
OV1,bus,car,1,0,0,0
OV1,car,bus,0,0,0,0
OV1,bus,walk,0,0,0,0
OV1,bus,car,1,1,0,0
OV1,bus,bike,1,0,0,0
OV1,walk,walk,0,0,0,0
OV1,subway,walk,1,0,0,0
OV1,bike,subway,0,1,0,1
OV1,car,subway,0,0,1,0
OV1,bike,walk,0,0,0,0
OV1,car,car,1,1,0,0
OV1,walk,bike,1,0,0,0
OV1,walk,walk,0,0,0,0
OV1,walk,walk,1,0,0,0
OV1,walk,walk,0,0,0,0
OV1,bike,walk,0,1,0,0
OV1,car,walk,1,0,0,0
OV1,walk,walk,0,0,0,0
OV1,bus,bus,1,0,0,0
OV1,bike,walk,0,0,0,0
OV1,walk,walk,1,0,0,0
OV1,walk,walk,1,0,0,0
OV1,walk,walk,0,0,0,0
OV1,subway,subway,0,0,0,0
OV1,walk,walk,1,0,0,0
OV1,bike,bus,1,0,0,0
OV1,walk,walk,1,0,0,0
OV1,car,car,1,0,0,0
OV1,walk,walk,0,0,0,0
OV1,walk,walk,1,0,0,0
OV1,bus,car,0,0,1,0
OV1,bus,walk,0,0,0,0
OV1,walk,bike,1,1,0,0
OV1,walk,walk,0,0,0,0
OV1,walk,bike,1,0,0,0
OV1,walk,subway,0,0,0,0
OV1,walk,walk,0,0,0,0
OV1,walk,bike,0,0,0,0
OV1,bike,bus,1,0,0,0
OV1,bike,bike,0,0,0,0
OV1,walk,walk,1,0,0,0
OV1,car,subway,1,1,0,0
OV1,walk,walk,1,1,0,0
OV1,bike,bus,0,0,0,0
OV1,bus,bike,0,0,0,0
OV1,bus,car,1,0,0,0
OV1,bus,car,0,0,0,0
OV1,bus,bike,1,0,0,0
OV1,bus,bike,1,0,0,0
OV1,bus,bus,0,0,0,0
OV1,bike,car,1,0,0,0
OV1,walk,walk,0,0,0,0
OV1,walk,car,0,0,0,0
OV1,bus,car,1,0,0,0
OV1,bike,walk,0,0,0,0
OV1,bike,walk,1,0,0,0
OV1,walk,walk,1,0,0,0
OV1,walk,walk,0,0,0,0
OV1,car,bike,0,0,0,0
OV1,bus,subway,1,1,0,0
OV1,subway,subway,0,0,0,0
OV1,subway,subway,1,0,0,1
OV1,walk,walk,0,0,0,0
OV1,bus,walk,0,0,0,0
OV2,bus,walk,0,0,0,0
OV2,walk,walk,1,0,1,0
OV2,car,walk,0,0,0,0
OV2,car,car,0,0,0,0
OV2,walk,walk,1,0,0,0
OV2,bus,bus,1,0,0,0
OV2,walk,walk,0,0,0,0
OV2,walk,car,1,1,0,0
OV2,walk,car,1,0,0,0
OV2,bus,subway,1,0,0,0
OV2,car,walk,1,0,0,0
OV2,walk,car,1,1,0,0
OV2,bus,car,1,0,0,0
OV2,walk,walk,1,1,0,0
OV2,bike,walk,1,1,0,0
OV2,bus,bike,0,0,0,0
OV2,bus,car,1,0,0,0
OV2,bus,car,1,0,0,0
OV2,car,subway,1,0,0,0
OV2,subway,car,0,1,0,0
OV2,walk,walk,0,0,0,0
OV2,walk,walk,1,0,0,0
OV2,bike,walk,1,0,0,0
OV2,bus,car,1,0,0,0
OV2,walk,walk,1,0,0,0
OV2,walk,car,1,0,0,0
OV2,walk,walk,0,0,0,0
OV2,bike,subway,1,0,0,0
OV2,bike,car,1,1,0,0
OV2,bike,bike,1,1,0,0
OV2,bus,bus,1,0,0,0
OV2,bike,walk,1,0,0,0
OV2,walk,walk,1,0,0,0
OV2,bike,walk,1,1,0,0
OV2,car,car,1,0,0,0
OV2,walk,walk,1,0,0,0
OV2,bus,bike,1,1,1,0
OV2,car,car,1,0,0,0
OV2,bus,walk,0,0,0,0
OV2,bus,bike,0,0,0,0
OV2,bus,bus,1,1,0,0
OV2,walk,walk,0,0,0,0
OV2,subway,car,1,0,0,0
OV2,bike,walk,1,0,0,0
OV2,car,car,1,0,0,0
OV2,bike,walk,0,0,0,0
OV2,car,subway,1,0,0,0
OV2,walk,walk,0,0,0,0
OV2,walk,walk,0,0,0,0
OV2,walk,walk,1,0,0,0
OV2,walk,walk,0,0,0,0
OV2,bike,walk,1,0,0,0
OV2,car,car,0,0,0,0
OV2,walk,walk,1,0,0,0
OV2,bus,car,1,0,0,0
OV2,bike,walk,0,0,0,0
OV2,walk,walk,0,0,0,0
OV2,walk,walk,0,0,0,1
OV2,walk,walk,0,0,0,0
OV2,subway,subway,1,0,0,0
OV2,walk,walk,1,0,0,0
OV2,bike,subway,1,0,0,0
OV2,walk,walk,1,0,0,0
OV2,car,car,1,0,0,0
OV2,walk,walk,1,0,0,0
OV2,walk,walk,0,0,0,0
OV2,bus,bus,1,0,0,0
OV2,bus,car,1,0,0,0
OV2,walk,walk,0,0,0,0
OV2,walk,walk,0,0,0,0
OV2,walk,walk,1,0,0,0
OV2,walk,car,1,0,0,0
OV2,walk,walk,0,0,0,0
OV2,walk,walk,0,0,0,0
OV2,bike,car,1,0,0,0
OV2,bike,bike,1,0,0,0
OV2,walk,walk,1,0,0,0
OV2,car,bus,1,0,0,0
OV2,walk,car,1,0,0,0
OV2,bike,car,0,0,0,0
OV2,bus,walk,1,0,0,0
OV2,bus,walk,1,0,1,0
OV2,bus,car,1,0,0,0
OV2,bus,bus,0,0,0,0
OV2,bus,walk,1,1,0,0
OV2,bus,car,1,0,0,0
OV2,bike,walk,1,0,0,0
OV2,walk,walk,0,0,0,0
OV2,walk,bike,0,0,0,0
OV2,bus,bus,1,0,0,0
OV2,bike,walk,1,0,0,0
OV2,bike,car,1,0,0,0
OV2,walk,walk,1,1,0,0
OV2,walk,walk,1,0,0,0
OV2,car,walk,0,0,0,0
OV2,bus,car,1,0,0,0
OV2,subway,bus,1,1,0,0
OV2,subway,bike,1,1,0,1
OV2,walk,car,0,0,0,0
OV2,bus,walk,1,1,0,0
"Lat, Lon",bus,walk,0,0,0,0
"Lat, Lon",walk,walk,1,1,0,0
"Lat, Lon",car,walk,0,1,0,0
"Lat, Lon",car,car,0,1,0,0
"Lat, Lon",walk,subway,1,1,0,0
"Lat, Lon",bus,walk,0,1,0,0
"Lat, Lon",walk,walk,0,1,0,0
"Lat, Lon",walk,walk,0,0,0,0
"Lat, Lon",walk,walk,0,1,0,0
"Lat, Lon",bus,bus,1,1,0,0
"Lat, Lon",car,walk,1,1,0,0
"Lat, Lon",walk,subway,0,1,0,0
"Lat, Lon",bus,car,0,1,0,0
"Lat, Lon",walk,walk,0,1,0,0
"Lat, Lon",bike,walk,1,1,0,0
"Lat, Lon",bus,walk,1,0,0,0
"Lat, Lon",bus,bus,0,1,1,0
"Lat, Lon",bus,bus,0,1,1,0
"Lat, Lon",car,car,0,0,0,0
"Lat, Lon",subway,bus,0,1,0,0
"Lat, Lon",walk,walk,1,1,0,0
"Lat, Lon",walk,walk,0,0,0,0
"Lat, Lon",bike,walk,0,0,0,0
"Lat, Lon",bus,walk,0,1,0,0
"Lat, Lon",walk,bus,0,0,0,0
"Lat, Lon",walk,walk,0,0,0,0
"Lat, Lon",walk,walk,0,0,0,0
"Lat, Lon",bike,walk,0,0,0,0
"Lat, Lon",bike,walk,0,1,0,0
"Lat, Lon",bike,subway,0,0,0,0
"Lat, Lon",bus,subway,1,1,0,0
"Lat, Lon",bike,walk,0,1,0,0
"Lat, Lon",walk,walk,0,1,0,0
"Lat, Lon",bike,walk,0,1,0,0
"Lat, Lon",car,car,1,1,0,0
"Lat, Lon",walk,walk,0,0,0,0
"Lat, Lon",bus,subway,0,0,1,0
"Lat, Lon",car,car,0,0,0,0
"Lat, Lon",bus,walk,1,1,0,0
"Lat, Lon",bus,bus,0,0,0,0
"Lat, Lon",bus,car,0,0,0,0
"Lat, Lon",walk,walk,1,1,0,0
"Lat, Lon",subway,bus,1,1,0,0
"Lat, Lon",bike,car,1,0,0,0
"Lat, Lon",car,car,1,1,1,0
"Lat, Lon",bike,walk,1,1,0,0
"Lat, Lon",car,walk,0,0,0,1
"Lat, Lon",walk,subway,1,1,1,0
"Lat, Lon",walk,bus,0,0,1,0
"Lat, Lon",walk,walk,1,1,0,0
"Lat, Lon",walk,walk,0,0,0,0
"Lat, Lon",bike,bus,1,0,0,0
"Lat, Lon",car,car,0,1,0,0
"Lat, Lon",walk,walk,1,1,0,0
"Lat, Lon",bus,car,1,1,0,0
"Lat, Lon",bike,walk,0,1,0,0
"Lat, Lon",walk,walk,0,1,0,0
"Lat, Lon",walk,car,0,0,0,0
"Lat, Lon",walk,car,1,1,0,0
"Lat, Lon",subway,walk,1,1,0,1
"Lat, Lon",walk,walk,1,0,0,0
"Lat, Lon",bike,walk,1,1,0,1
"Lat, Lon",walk,walk,0,0,0,0
"Lat, Lon",car,bus,0,1,0,0
"Lat, Lon",walk,walk,1,0,0,0
"Lat, Lon",walk,walk,0,0,0,0
"Lat, Lon",bus,car,0,1,0,0
"Lat, Lon",bus,bike,1,0,0,0
"Lat, Lon",walk,bus,1,1,0,0
"Lat, Lon",walk,walk,1,0,0,0
"Lat, Lon",walk,walk,0,1,0,0
"Lat, Lon",walk,walk,0,0,0,0
"Lat, Lon",walk,walk,0,0,0,0
"Lat, Lon",walk,walk,0,0,0,0
"Lat, Lon",bike,walk,0,1,0,0
"Lat, Lon",bike,bus,0,0,0,0
"Lat, Lon",walk,bus,1,0,1,0
"Lat, Lon",car,car,1,1,0,0
"Lat, Lon",walk,car,0,0,0,0
"Lat, Lon",bike,bike,0,0,0,0
"Lat, Lon",bus,subway,1,1,0,0
"Lat, Lon",bus,bus,1,1,0,0
"Lat, Lon",bus,subway,0,0,0,0
"Lat, Lon",bus,car,0,0,0,0
"Lat, Lon",bus,car,0,0,0,0
"Lat, Lon",bus,bike,0,0,0,0
"Lat, Lon",bike,bike,0,0,0,0
"Lat, Lon",walk,walk,1,0,0,0
"Lat, Lon",walk,walk,1,0,0,0
"Lat, Lon",bus,car,0,1,0,0
"Lat, Lon",bike,bus,0,0,0,0
"Lat, Lon",bike,bus,0,1,0,0
"Lat, Lon",walk,walk,0,0,0,0
"Lat, Lon",walk,bike,0,1,0,0
"Lat, Lon",car,bus,1,0,0,0
"Lat, Lon",bus,bus,0,1,0,0
"Lat, Lon",subway,bus,1,0,0,0
"Lat, Lon",subway,subway,1,1,0,0
"Lat, Lon",walk,walk,1,1,0,0
"Lat, Lon",bus,walk,1,1,0,0
"OV1+(Lat, Lon)",bus,walk,0,0,0,0
"OV1+(Lat, Lon)",walk,walk,0,0,0,0
"OV1+(Lat, Lon)",car,subway,0,1,0,0
"OV1+(Lat, Lon)",car,subway,1,0,0,0
"OV1+(Lat, Lon)",walk,walk,1,0,0,1
"OV1+(Lat, Lon)",bus,car,0,1,0,0
"OV1+(Lat, Lon)",walk,walk,1,0,0,0
"OV1+(Lat, Lon)",walk,walk,0,0,0,0
"OV1+(Lat, Lon)",walk,walk,1,0,0,0
"OV1+(Lat, Lon)",bus,car,1,1,0,0
"OV1+(Lat, Lon)",car,bike,1,1,0,0
"OV1+(Lat, Lon)",walk,walk,1,0,0,0
"OV1+(Lat, Lon)",bus,car,0,0,0,0
"OV1+(Lat, Lon)",walk,walk,0,0,0,0
"OV1+(Lat, Lon)",bike,bus,0,0,0,0
"OV1+(Lat, Lon)",bus,car,1,0,0,0
"OV1+(Lat, Lon)",bus,subway,1,1,0,0
"OV1+(Lat, Lon)",bus,car,0,0,0,0
"OV1+(Lat, Lon)",car,subway,0,0,0,0
"OV1+(Lat, Lon)",subway,car,0,0,1,0
"OV1+(Lat, Lon)",walk,walk,1,0,0,0
"OV1+(Lat, Lon)",walk,walk,0,0,0,0
"OV1+(Lat, Lon)",bike,walk,1,0,0,0
"OV1+(Lat, Lon)",bus,subway,0,0,1,0
"OV1+(Lat, Lon)",walk,walk,0,0,0,0
"OV1+(Lat, Lon)",walk,walk,0,1,0,0
"OV1+(Lat, Lon)",walk,walk,0,0,0,0
"OV1+(Lat, Lon)",bike,bus,1,0,0,0
"OV1+(Lat, Lon)",bike,car,0,0,0,0
"OV1+(Lat, Lon)",bike,walk,1,1,0,0
"OV1+(Lat, Lon)",bus,car,1,1,0,0
"OV1+(Lat, Lon)",bike,car,0,0,0,0
"OV1+(Lat, Lon)",walk,walk,1,1,0,0
"OV1+(Lat, Lon)",bike,bus,0,1,0,0
"OV1+(Lat, Lon)",car,car,0,1,0,0
"OV1+(Lat, Lon)",walk,walk,0,0,0,0
"OV1+(Lat, Lon)",bus,car,0,0,0,0
"OV1+(Lat, Lon)",car,car,0,0,0,0
"OV1+(Lat, Lon)",bus,walk,1,0,0,0
"OV1+(Lat, Lon)",bus,bike,1,1,0,0
"OV1+(Lat, Lon)",bus,car,1,0,0,0
"OV1+(Lat, Lon)",walk,walk,0,0,0,0
"OV1+(Lat, Lon)",subway,walk,0,0,0,0
"OV1+(Lat, Lon)",bike,bike,1,1,0,0
"OV1+(Lat, Lon)",car,car,0,1,0,0
"OV1+(Lat, Lon)",bike,walk,1,0,0,0
"OV1+(Lat, Lon)",car,car,1,0,0,0
"OV1+(Lat, Lon)",walk,walk,1,0,0,0
"OV1+(Lat, Lon)",walk,walk,1,0,0,0
"OV1+(Lat, Lon)",walk,walk,1,1,0,0
"OV1+(Lat, Lon)",walk,walk,0,0,0,0
"OV1+(Lat, Lon)",bike,walk,0,0,0,0
"OV1+(Lat, Lon)",car,car,1,0,0,0
"OV1+(Lat, Lon)",walk,walk,1,0,0,0
"OV1+(Lat, Lon)",bus,car,1,0,0,0
"OV1+(Lat, Lon)",bike,walk,0,0,0,0
"OV1+(Lat, Lon)",walk,walk,0,0,0,0
"OV1+(Lat, Lon)",walk,walk,1,1,0,0
"OV1+(Lat, Lon)",walk,bus,1,0,0,0
"OV1+(Lat, Lon)",subway,subway,0,0,0,0
"OV1+(Lat, Lon)",walk,walk,0,0,0,0
"OV1+(Lat, Lon)",bike,bus,0,0,0,0
"OV1+(Lat, Lon)",walk,walk,0,0,0,0
"OV1+(Lat, Lon)",car,car,0,1,0,0
"OV1+(Lat, Lon)",walk,walk,1,0,0,0
"OV1+(Lat, Lon)",walk,walk,0,0,0,1
"OV1+(Lat, Lon)",bus,car,0,1,0,0
"OV1+(Lat, Lon)",bus,walk,0,1,0,0
"OV1+(Lat, Lon)",walk,walk,1,0,0,0
"OV1+(Lat, Lon)",walk,walk,0,0,0,0
"OV1+(Lat, Lon)",walk,walk,1,0,0,0
"OV1+(Lat, Lon)",walk,walk,1,0,0,0
"OV1+(Lat, Lon)",walk,walk,0,0,0,0
"OV1+(Lat, Lon)",walk,walk,0,0,0,0
"OV1+(Lat, Lon)",bike,walk,0,1,0,0
"OV1+(Lat, Lon)",bike,bus,1,1,0,0
"OV1+(Lat, Lon)",walk,walk,0,0,0,0
"OV1+(Lat, Lon)",car,car,0,0,0,0
"OV1+(Lat, Lon)",walk,walk,0,0,0,0
"OV1+(Lat, Lon)",bike,car,1,0,0,0
"OV1+(Lat, Lon)",bus,walk,1,0,0,0
"OV1+(Lat, Lon)",bus,bus,0,0,0,0
"OV1+(Lat, Lon)",bus,car,0,0,0,0
"OV1+(Lat, Lon)",bus,walk,0,1,0,0
"OV1+(Lat, Lon)",bus,bus,0,0,0,0
"OV1+(Lat, Lon)",bus,bus,1,0,0,0
"OV1+(Lat, Lon)",bike,walk,1,0,0,0
"OV1+(Lat, Lon)",walk,walk,0,0,0,0
"OV1+(Lat, Lon)",walk,walk,0,1,0,0
"OV1+(Lat, Lon)",bus,car,1,1,0,1
"OV1+(Lat, Lon)",bike,walk,1,0,0,0
"OV1+(Lat, Lon)",bike,walk,1,0,0,0
"OV1+(Lat, Lon)",walk,walk,1,0,0,0
"OV1+(Lat, Lon)",walk,walk,1,0,0,0
"OV1+(Lat, Lon)",car,bike,1,0,0,0
"OV1+(Lat, Lon)",bus,car,0,0,0,0
"OV1+(Lat, Lon)",subway,car,0,1,0,0
"OV1+(Lat, Lon)",subway,subway,1,1,1,0
"OV1+(Lat, Lon)",walk,walk,0,0,0,0
"OV1+(Lat, Lon)",bus,walk,0,0,0,0
"OV2+(Lat, Lon)",bus,walk,0,0,0,0
"OV2+(Lat, Lon)",walk,walk,0,0,0,0
"OV2+(Lat, Lon)",car,car,0,1,0,0
"OV2+(Lat, Lon)",car,subway,1,0,0,0
"OV2+(Lat, Lon)",walk,walk,1,0,0,0
"OV2+(Lat, Lon)",bus,subway,1,0,0,0
"OV2+(Lat, Lon)",walk,car,1,0,0,0
"OV2+(Lat, Lon)",walk,walk,1,0,0,0
"OV2+(Lat, Lon)",walk,walk,1,0,0,0
"OV2+(Lat, Lon)",bus,car,1,0,0,1
"OV2+(Lat, Lon)",car,bike,1,0,0,0
"OV2+(Lat, Lon)",walk,walk,1,0,0,0
"OV2+(Lat, Lon)",bus,car,1,0,0,1
"OV2+(Lat, Lon)",walk,car,0,0,1,0
"OV2+(Lat, Lon)",bike,walk,1,0,1,0
"OV2+(Lat, Lon)",bus,bus,1,0,0,0
"OV2+(Lat, Lon)",bus,bus,0,1,0,1
"OV2+(Lat, Lon)",bus,car,0,1,0,0
"OV2+(Lat, Lon)",car,car,0,1,0,0
"OV2+(Lat, Lon)",subway,car,0,1,0,0
"OV2+(Lat, Lon)",walk,bus,1,0,1,0
"OV2+(Lat, Lon)",walk,walk,1,0,0,0
"OV2+(Lat, Lon)",bike,walk,0,0,0,0
"OV2+(Lat, Lon)",bus,bus,1,0,0,0
"OV2+(Lat, Lon)",walk,walk,1,0,0,0
"OV2+(Lat, Lon)",walk,walk,1,0,0,0
"OV2+(Lat, Lon)",walk,walk,0,0,0,0
"OV2+(Lat, Lon)",bike,bus,0,0,0,0
"OV2+(Lat, Lon)",bike,bus,0,0,0,0
"OV2+(Lat, Lon)",bike,walk,1,0,0,0
"OV2+(Lat, Lon)",bus,bus,1,1,0,0
"OV2+(Lat, Lon)",bike,bike,1,0,0,0
"OV2+(Lat, Lon)",walk,walk,1,0,0,0
"OV2+(Lat, Lon)",bike,walk,1,0,0,0
"OV2+(Lat, Lon)",car,walk,0,0,0,0
"OV2+(Lat, Lon)",walk,walk,1,0,0,0
"OV2+(Lat, Lon)",bus,bike,0,0,0,0
"OV2+(Lat, Lon)",car,subway,1,0,0,0
"OV2+(Lat, Lon)",bus,walk,1,0,0,0
"OV2+(Lat, Lon)",bus,walk,1,0,0,0
"OV2+(Lat, Lon)",bus,car,1,0,0,0
"OV2+(Lat, Lon)",walk,walk,0,0,0,0
"OV2+(Lat, Lon)",subway,bike,1,1,0,0
"OV2+(Lat, Lon)",bike,walk,0,1,0,0
"OV2+(Lat, Lon)",car,car,0,0,0,0
"OV2+(Lat, Lon)",bike,walk,1,0,0,0
"OV2+(Lat, Lon)",car,car,1,0,0,0
"OV2+(Lat, Lon)",walk,walk,0,0,0,0
"OV2+(Lat, Lon)",walk,bus,1,1,0,0
"OV2+(Lat, Lon)",walk,walk,0,0,0,0
"OV2+(Lat, Lon)",walk,walk,1,0,0,0
"OV2+(Lat, Lon)",bike,walk,1,0,0,0
"OV2+(Lat, Lon)",car,car,1,1,0,0
"OV2+(Lat, Lon)",walk,bus,1,0,0,1
"OV2+(Lat, Lon)",bus,car,1,0,0,0
"OV2+(Lat, Lon)",bike,walk,1,0,0,0
"OV2+(Lat, Lon)",walk,walk,1,0,0,0
"OV2+(Lat, Lon)",walk,walk,1,0,0,0
"OV2+(Lat, Lon)",walk,walk,1,1,0,1
"OV2+(Lat, Lon)",subway,subway,0,1,0,0
"OV2+(Lat, Lon)",walk,walk,1,0,0,0
"OV2+(Lat, Lon)",bike,bike,0,0,0,0
"OV2+(Lat, Lon)",walk,walk,0,0,0,0
"OV2+(Lat, Lon)",car,car,0,0,0,0
"OV2+(Lat, Lon)",walk,walk,1,0,0,0
"OV2+(Lat, Lon)",walk,walk,1,0,0,0
"OV2+(Lat, Lon)",bus,car,0,0,0,0
"OV2+(Lat, Lon)",bus,walk,1,0,0,0
"OV2+(Lat, Lon)",walk,walk,1,0,0,0
"OV2+(Lat, Lon)",walk,walk,0,0,0,0
"OV2+(Lat, Lon)",walk,walk,1,0,0,0
"OV2+(Lat, Lon)",walk,bus,0,0,1,0
"OV2+(Lat, Lon)",walk,walk,0,0,0,0
"OV2+(Lat, Lon)",walk,walk,1,0,0,0
"OV2+(Lat, Lon)",bike,walk,0,0,0,0
"OV2+(Lat, Lon)",bike,bus,1,0,0,0
"OV2+(Lat, Lon)",walk,walk,1,0,0,0
"OV2+(Lat, Lon)",car,car,1,0,0,0
"OV2+(Lat, Lon)",walk,walk,0,0,0,0
"OV2+(Lat, Lon)",bike,bus,0,0,0,0
"OV2+(Lat, Lon)",bus,car,0,1,0,0
"OV2+(Lat, Lon)",bus,car,0,1,0,0
"OV2+(Lat, Lon)",bus,car,1,0,0,0
"OV2+(Lat, Lon)",bus,car,0,0,0,0
"OV2+(Lat, Lon)",bus,car,1,0,0,0
"OV2+(Lat, Lon)",bus,bus,1,0,0,0
"OV2+(Lat, Lon)",bike,bike,1,1,0,0
"OV2+(Lat, Lon)",walk,walk,1,0,0,0
"OV2+(Lat, Lon)",walk,walk,1,0,0,1
"OV2+(Lat, Lon)",bus,car,1,1,1,0
"OV2+(Lat, Lon)",bike,walk,1,0,0,0
"OV2+(Lat, Lon)",bike,car,0,1,0,0
"OV2+(Lat, Lon)",walk,walk,1,0,0,0
"OV2+(Lat, Lon)",walk,walk,0,0,0,0
"OV2+(Lat, Lon)",car,walk,0,0,0,0
"OV2+(Lat, Lon)",bus,car,0,1,0,0
"OV2+(Lat, Lon)",subway,subway,1,0,0,0
"OV2+(Lat, Lon)",subway,car,1,1,0,0
"OV2+(Lat, Lon)",walk,walk,1,0,0,0
"OV2+(Lat, Lon)",bus,walk,1,1,0,0
"Lat, Lon, t",bus,walk,0,0,0,0
"Lat, Lon, t",walk,bus,0,1,0,0
"Lat, Lon, t",car,bike,0,0,0,0
"Lat, Lon, t",car,car,0,1,0,0
"Lat, Lon, t",walk,walk,1,1,0,0
"Lat, Lon, t",bus,bus,0,0,0,0
"Lat, Lon, t",walk,subway,1,1,0,0
"Lat, Lon, t",walk,walk,0,0,0,0
"Lat, Lon, t",walk,walk,0,0,1,0
"Lat, Lon, t",bus,car,1,1,0,0
"Lat, Lon, t",car,bus,0,1,0,0
"Lat, Lon, t",walk,bike,0,1,0,0
"Lat, Lon, t",bus,bus,0,0,1,0
"Lat, Lon, t",walk,walk,0,0,0,0
"Lat, Lon, t",bike,walk,0,0,0,0
"Lat, Lon, t",bus,car,0,0,0,0
"Lat, Lon, t",bus,car,0,0,0,1
"Lat, Lon, t",bus,bike,1,0,0,0
"Lat, Lon, t",car,bus,1,1,0,0
"Lat, Lon, t",subway,car,1,0,0,0
"Lat, Lon, t",walk,bus,1,0,0,0
"Lat, Lon, t",walk,walk,1,0,0,0
"Lat, Lon, t",bike,walk,0,0,0,0
"Lat, Lon, t",bus,car,1,1,0,0
"Lat, Lon, t",walk,walk,0,0,0,0
"Lat, Lon, t",walk,bike,0,0,0,0
"Lat, Lon, t",walk,walk,0,0,0,0
"Lat, Lon, t",bike,walk,1,1,0,0
"Lat, Lon, t",bike,walk,0,0,0,0
"Lat, Lon, t",bike,bus,0,1,0,0
"Lat, Lon, t",bus,walk,1,0,0,0
"Lat, Lon, t",bike,car,0,1,0,0
"Lat, Lon, t",walk,walk,0,0,0,0
"Lat, Lon, t",bike,bus,0,0,0,0
"Lat, Lon, t",car,bus,1,0,0,0
"Lat, Lon, t",walk,walk,0,0,0,0
"Lat, Lon, t",bus,car,1,0,0,0
"Lat, Lon, t",car,bus,0,1,0,0
"Lat, Lon, t",bus,car,0,0,0,0
"Lat, Lon, t",bus,walk,1,0,0,0
"Lat, Lon, t",bus,car,0,1,0,0
"Lat, Lon, t",walk,walk,0,0,1,0
"Lat, Lon, t",subway,walk,0,0,0,1
"Lat, Lon, t",bike,bus,0,0,0,0
"Lat, Lon, t",car,subway,0,0,0,1
"Lat, Lon, t",bike,walk,1,0,0,0
"Lat, Lon, t",car,walk,0,0,0,1
"Lat, Lon, t",walk,walk,0,0,0,0
"Lat, Lon, t",walk,walk,0,0,0,0
"Lat, Lon, t",walk,walk,0,0,0,0
"Lat, Lon, t",walk,walk,0,1,0,1
"Lat, Lon, t",bike,walk,0,0,0,0
"Lat, Lon, t",car,bus,0,0,0,1
"Lat, Lon, t",walk,walk,1,1,0,1
"Lat, Lon, t",bus,walk,0,0,0,1
"Lat, Lon, t",bike,subway,0,1,0,0
"Lat, Lon, t",walk,walk,0,0,0,1
"Lat, Lon, t",walk,walk,0,0,0,0
"Lat, Lon, t",walk,bus,0,0,0,0
"Lat, Lon, t",subway,subway,0,1,0,0
"Lat, Lon, t",walk,walk,0,1,0,0
"Lat, Lon, t",bike,walk,0,1,0,0
"Lat, Lon, t",walk,walk,1,0,0,0
"Lat, Lon, t",car,bus,0,0,0,0
"Lat, Lon, t",walk,walk,0,0,0,0
"Lat, Lon, t",walk,bus,0,1,0,0
"Lat, Lon, t",bus,bus,1,1,0,0
"Lat, Lon, t",bus,car,0,0,0,0
"Lat, Lon, t",walk,bus,1,0,0,0
"Lat, Lon, t",walk,subway,0,0,1,0
"Lat, Lon, t",walk,walk,0,0,0,1
"Lat, Lon, t",walk,walk,0,1,0,0
"Lat, Lon, t",walk,walk,1,0,0,0
"Lat, Lon, t",walk,walk,1,0,0,0
"Lat, Lon, t",bike,bus,0,1,0,0
"Lat, Lon, t",bike,walk,0,0,0,0
"Lat, Lon, t",walk,walk,0,0,0,0
"Lat, Lon, t",car,car,1,0,0,0
"Lat, Lon, t",walk,walk,0,0,0,0
"Lat, Lon, t",bike,bike,0,0,0,0
"Lat, Lon, t",bus,bus,1,0,0,0
"Lat, Lon, t",bus,subway,1,1,0,0
"Lat, Lon, t",bus,walk,1,1,0,0
"Lat, Lon, t",bus,subway,0,0,1,0
"Lat, Lon, t",bus,bus,0,1,0,0
"Lat, Lon, t",bus,walk,0,1,0,0
"Lat, Lon, t",bike,walk,0,0,0,0
"Lat, Lon, t",walk,walk,1,1,0,0
"Lat, Lon, t",walk,walk,0,0,0,0
"Lat, Lon, t",bus,walk,0,0,0,1
"Lat, Lon, t",bike,walk,1,0,0,0
"Lat, Lon, t",bike,walk,1,0,0,0
"Lat, Lon, t",walk,walk,0,1,0,0
"Lat, Lon, t",walk,walk,0,0,0,0
"Lat, Lon, t",car,car,0,1,0,0
"Lat, Lon, t",bus,walk,0,1,0,0
"Lat, Lon, t",subway,bus,0,1,0,0
"Lat, Lon, t",subway,car,0,1,0,0
"Lat, Lon, t",walk,walk,0,0,0,0
"Lat, Lon, t",bus,walk,0,0,0,0
"OV1+(Lat, Lon, t)",bus,walk,0,0,0,0
"OV1+(Lat, Lon, t)",walk,walk,1,0,0,0
"OV1+(Lat, Lon, t)",car,car,0,0,0,0
"OV1+(Lat, Lon, t)",car,car,1,0,0,0
"OV1+(Lat, Lon, t)",walk,walk,1,1,0,0
"OV1+(Lat, Lon, t)",bus,car,1,1,0,0
"OV1+(Lat, Lon, t)",walk,walk,0,0,0,0
"OV1+(Lat, Lon, t)",walk,walk,0,0,0,0
"OV1+(Lat, Lon, t)",walk,walk,1,0,0,0
"OV1+(Lat, Lon, t)",bus,walk,0,1,0,0
"OV1+(Lat, Lon, t)",car,walk,1,0,0,0
"OV1+(Lat, Lon, t)",walk,walk,1,0,0,0
"OV1+(Lat, Lon, t)",bus,car,0,0,0,0
"OV1+(Lat, Lon, t)",walk,walk,1,0,0,0
"OV1+(Lat, Lon, t)",bike,walk,0,1,0,0
"OV1+(Lat, Lon, t)",bus,subway,1,0,0,0
"OV1+(Lat, Lon, t)",bus,car,1,0,0,0
"OV1+(Lat, Lon, t)",bus,subway,1,1,0,0
"OV1+(Lat, Lon, t)",car,car,1,1,0,0
"OV1+(Lat, Lon, t)",subway,bus,0,1,0,0
"OV1+(Lat, Lon, t)",walk,walk,1,0,0,0
"OV1+(Lat, Lon, t)",walk,walk,0,0,0,0
"OV1+(Lat, Lon, t)",bike,car,0,0,0,0
"OV1+(Lat, Lon, t)",bus,bike,0,1,0,0
"OV1+(Lat, Lon, t)",walk,walk,0,0,0,0
"OV1+(Lat, Lon, t)",walk,walk,0,0,0,0
"OV1+(Lat, Lon, t)",walk,walk,0,0,0,0
"OV1+(Lat, Lon, t)",bike,subway,0,1,0,0
"OV1+(Lat, Lon, t)",bike,walk,0,0,0,0
"OV1+(Lat, Lon, t)",bike,walk,0,1,0,0
"OV1+(Lat, Lon, t)",bus,car,0,0,0,0
"OV1+(Lat, Lon, t)",bike,bike,1,0,0,0
"OV1+(Lat, Lon, t)",walk,bus,0,1,0,0
"OV1+(Lat, Lon, t)",bike,walk,0,1,0,0
"OV1+(Lat, Lon, t)",car,car,0,1,0,0
"OV1+(Lat, Lon, t)",walk,walk,1,0,0,0
"OV1+(Lat, Lon, t)",bus,car,1,0,0,0
"OV1+(Lat, Lon, t)",car,car,0,0,0,0
"OV1+(Lat, Lon, t)",bus,walk,1,0,0,0
"OV1+(Lat, Lon, t)",bus,walk,0,0,0,0
"OV1+(Lat, Lon, t)",bus,bus,0,0,0,0
"OV1+(Lat, Lon, t)",walk,walk,0,0,0,0
"OV1+(Lat, Lon, t)",subway,walk,1,1,0,0
"OV1+(Lat, Lon, t)",bike,subway,0,0,0,0
"OV1+(Lat, Lon, t)",car,car,1,1,0,0
"OV1+(Lat, Lon, t)",bike,walk,0,1,0,0
"OV1+(Lat, Lon, t)",car,car,1,1,0,0
"OV1+(Lat, Lon, t)",walk,walk,0,0,0,0
"OV1+(Lat, Lon, t)",walk,walk,1,0,0,0
"OV1+(Lat, Lon, t)",walk,walk,0,0,0,0
"OV1+(Lat, Lon, t)",walk,walk,0,0,0,0
"OV1+(Lat, Lon, t)",bike,walk,0,0,0,0
"OV1+(Lat, Lon, t)",car,car,1,1,0,0
"OV1+(Lat, Lon, t)",walk,walk,0,0,0,0
"OV1+(Lat, Lon, t)",bus,bus,1,1,0,0
"OV1+(Lat, Lon, t)",bike,walk,0,0,0,0
"OV1+(Lat, Lon, t)",walk,walk,1,0,0,0
"OV1+(Lat, Lon, t)",walk,walk,0,0,0,0
"OV1+(Lat, Lon, t)",walk,walk,0,0,0,0
"OV1+(Lat, Lon, t)",subway,bus,1,0,0,0
"OV1+(Lat, Lon, t)",walk,walk,0,0,0,0
"OV1+(Lat, Lon, t)",bike,bike,1,0,0,0
"OV1+(Lat, Lon, t)",walk,walk,1,0,0,0
"OV1+(Lat, Lon, t)",car,car,1,0,0,0
"OV1+(Lat, Lon, t)",walk,walk,0,0,0,0
"OV1+(Lat, Lon, t)",walk,walk,0,0,0,0
"OV1+(Lat, Lon, t)",bus,car,1,0,0,0
"OV1+(Lat, Lon, t)",bus,bike,0,0,0,0
"OV1+(Lat, Lon, t)",walk,bus,1,0,0,0
"OV1+(Lat, Lon, t)",walk,walk,1,0,0,0
"OV1+(Lat, Lon, t)",walk,walk,0,0,0,0
"OV1+(Lat, Lon, t)",walk,walk,1,0,0,0
"OV1+(Lat, Lon, t)",walk,walk,1,0,0,0
"OV1+(Lat, Lon, t)",walk,walk,1,1,0,0
"OV1+(Lat, Lon, t)",bike,bike,1,0,0,0
"OV1+(Lat, Lon, t)",bike,subway,1,0,0,0
"OV1+(Lat, Lon, t)",walk,walk,0,0,0,0
"OV1+(Lat, Lon, t)",car,car,1,0,0,0
"OV1+(Lat, Lon, t)",walk,walk,1,1,0,0
"OV1+(Lat, Lon, t)",bike,walk,0,0,0,0
"OV1+(Lat, Lon, t)",bus,car,1,0,0,0
"OV1+(Lat, Lon, t)",bus,car,0,1,0,0
"OV1+(Lat, Lon, t)",bus,car,0,1,0,0
"OV1+(Lat, Lon, t)",bus,bike,1,1,0,0
"OV1+(Lat, Lon, t)",bus,bus,0,0,0,0
"OV1+(Lat, Lon, t)",bus,bike,0,0,0,0
"OV1+(Lat, Lon, t)",bike,car,1,0,0,0
"OV1+(Lat, Lon, t)",walk,walk,1,0,0,0
"OV1+(Lat, Lon, t)",walk,bike,0,0,0,0
"OV1+(Lat, Lon, t)",bus,car,1,0,0,0
"OV1+(Lat, Lon, t)",bike,walk,0,0,0,0
"OV1+(Lat, Lon, t)",bike,bike,0,0,0,0
"OV1+(Lat, Lon, t)",walk,walk,0,0,0,0
"OV1+(Lat, Lon, t)",walk,walk,0,0,0,0
"OV1+(Lat, Lon, t)",car,car,0,0,0,0
"OV1+(Lat, Lon, t)",bus,car,0,1,0,0
"OV1+(Lat, Lon, t)",subway,subway,0,0,0,0
"OV1+(Lat, Lon, t)",subway,car,0,0,0,0
"OV1+(Lat, Lon, t)",walk,walk,0,0,1,0
"OV1+(Lat, Lon, t)",bus,walk,1,0,0,0
"OV2+(Lat, Lon, t)",bus,walk,0,0,0,0
"OV2+(Lat, Lon, t)",walk,walk,1,0,0,0
"OV2+(Lat, Lon, t)",car,car,1,0,0,0
"OV2+(Lat, Lon, t)",car,car,0,1,0,0
"OV2+(Lat, Lon, t)",walk,walk,1,0,0,0
"OV2+(Lat, Lon, t)",bus,subway,0,1,0,0
"OV2+(Lat, Lon, t)",walk,walk,1,0,0,0
"OV2+(Lat, Lon, t)",walk,walk,0,0,0,0
"OV2+(Lat, Lon, t)",walk,bike,0,0,0,0
"OV2+(Lat, Lon, t)",bus,bus,1,0,0,0
"OV2+(Lat, Lon, t)",car,bus,0,1,0,0
"OV2+(Lat, Lon, t)",walk,walk,0,0,0,0
"OV2+(Lat, Lon, t)",bus,subway,1,1,0,0
"OV2+(Lat, Lon, t)",walk,walk,1,1,0,0
"OV2+(Lat, Lon, t)",bike,bus,1,0,0,0
"OV2+(Lat, Lon, t)",bus,subway,0,0,0,0
"OV2+(Lat, Lon, t)",bus,car,1,1,0,0
"OV2+(Lat, Lon, t)",bus,car,0,0,0,0
"OV2+(Lat, Lon, t)",car,car,0,0,0,0
"OV2+(Lat, Lon, t)",subway,car,0,1,0,0
"OV2+(Lat, Lon, t)",walk,walk,1,0,0,0
"OV2+(Lat, Lon, t)",walk,walk,0,0,0,0
"OV2+(Lat, Lon, t)",bike,subway,0,0,0,0
"OV2+(Lat, Lon, t)",bus,car,1,0,0,0
"OV2+(Lat, Lon, t)",walk,bike,0,0,0,0
"OV2+(Lat, Lon, t)",walk,walk,0,0,0,0
"OV2+(Lat, Lon, t)",walk,walk,1,0,0,0
"OV2+(Lat, Lon, t)",bike,car,0,1,0,0
"OV2+(Lat, Lon, t)",bike,bus,1,0,0,0
"OV2+(Lat, Lon, t)",bike,walk,0,0,0,0
"OV2+(Lat, Lon, t)",bus,car,0,1,0,0
"OV2+(Lat, Lon, t)",bike,bike,0,0,0,0
"OV2+(Lat, Lon, t)",walk,walk,1,0,0,0
"OV2+(Lat, Lon, t)",bike,car,1,0,0,0
"OV2+(Lat, Lon, t)",car,subway,1,0,0,0
"OV2+(Lat, Lon, t)",walk,walk,1,0,0,0
"OV2+(Lat, Lon, t)",bus,car,1,0,0,0
"OV2+(Lat, Lon, t)",car,car,1,0,0,0
"OV2+(Lat, Lon, t)",bus,walk,1,0,0,0
"OV2+(Lat, Lon, t)",bus,bus,1,0,0,0
"OV2+(Lat, Lon, t)",bus,subway,1,0,0,0
"OV2+(Lat, Lon, t)",walk,walk,0,0,0,0
"OV2+(Lat, Lon, t)",subway,car,1,1,0,1
"OV2+(Lat, Lon, t)",bike,bus,0,1,0,0
"OV2+(Lat, Lon, t)",car,car,1,1,0,0
"OV2+(Lat, Lon, t)",bike,walk,0,0,0,0
"OV2+(Lat, Lon, t)",car,car,0,0,1,0
"OV2+(Lat, Lon, t)",walk,walk,1,0,0,0
"OV2+(Lat, Lon, t)",walk,walk,0,0,0,0
"OV2+(Lat, Lon, t)",walk,walk,1,0,0,0
"OV2+(Lat, Lon, t)",walk,walk,1,0,0,0
"OV2+(Lat, Lon, t)",bike,walk,0,0,0,0
"OV2+(Lat, Lon, t)",car,car,1,1,0,0
"OV2+(Lat, Lon, t)",walk,car,1,0,0,0
"OV2+(Lat, Lon, t)",bus,car,0,1,0,0
"OV2+(Lat, Lon, t)",bike,walk,1,0,0,0
"OV2+(Lat, Lon, t)",walk,walk,0,0,0,0
"OV2+(Lat, Lon, t)",walk,walk,0,0,0,0
"OV2+(Lat, Lon, t)",walk,walk,0,0,0,0
"OV2+(Lat, Lon, t)",subway,car,1,0,0,1
"OV2+(Lat, Lon, t)",walk,walk,0,0,0,0
"OV2+(Lat, Lon, t)",bike,subway,1,0,0,0
"OV2+(Lat, Lon, t)",walk,walk,0,0,0,0
"OV2+(Lat, Lon, t)",car,car,0,1,0,0
"OV2+(Lat, Lon, t)",walk,walk,0,1,0,0
"OV2+(Lat, Lon, t)",walk,walk,1,0,0,0
"OV2+(Lat, Lon, t)",bus,car,1,0,0,0
"OV2+(Lat, Lon, t)",bus,walk,1,0,0,0
"OV2+(Lat, Lon, t)",walk,walk,1,1,0,0
"OV2+(Lat, Lon, t)",walk,walk,1,0,0,0
"OV2+(Lat, Lon, t)",walk,walk,0,0,0,0
"OV2+(Lat, Lon, t)",walk,walk,1,0,0,0
"OV2+(Lat, Lon, t)",walk,walk,1,0,0,0
"OV2+(Lat, Lon, t)",walk,car,1,0,0,0
"OV2+(Lat, Lon, t)",bike,walk,1,0,0,0
"OV2+(Lat, Lon, t)",bike,bike,1,0,0,0
"OV2+(Lat, Lon, t)",walk,walk,0,0,0,0
"OV2+(Lat, Lon, t)",car,car,0,1,0,0
"OV2+(Lat, Lon, t)",walk,walk,1,0,0,0
"OV2+(Lat, Lon, t)",bike,bike,1,0,0,0
"OV2+(Lat, Lon, t)",bus,bus,1,0,0,0
"OV2+(Lat, Lon, t)",bus,car,1,0,0,0
"OV2+(Lat, Lon, t)",bus,car,1,1,0,0
"OV2+(Lat, Lon, t)",bus,bike,0,0,0,0
"OV2+(Lat, Lon, t)",bus,bus,1,0,0,0
"OV2+(Lat, Lon, t)",bus,bus,1,0,0,0
"OV2+(Lat, Lon, t)",bike,walk,1,0,0,0
"OV2+(Lat, Lon, t)",walk,walk,1,0,0,0
"OV2+(Lat, Lon, t)",walk,walk,1,0,0,0
"OV2+(Lat, Lon, t)",bus,walk,0,1,0,0
"OV2+(Lat, Lon, t)",bike,walk,0,0,0,0
"OV2+(Lat, Lon, t)",bike,walk,1,0,0,0
"OV2+(Lat, Lon, t)",walk,walk,1,0,0,1
"OV2+(Lat, Lon, t)",walk,walk,0,0,0,0
"OV2+(Lat, Lon, t)",car,bike,1,0,0,0
"OV2+(Lat, Lon, t)",bus,subway,0,0,0,0
"OV2+(Lat, Lon, t)",subway,car,1,0,0,0
"OV2+(Lat, Lon, t)",subway,car,0,1,0,0
"OV2+(Lat, Lon, t)",walk,walk,0,0,0,0
"OV2+(Lat, Lon, t)",bus,walk,0,0,0,0
GeoHash,bus,walk,1,0,0,0
GeoHash,walk,walk,0,0,0,0
GeoHash,car,walk,0,0,0,1
GeoHash,car,bus,1,0,0,1
GeoHash,walk,bus,1,0,0,0
GeoHash,bus,walk,0,0,0,1
GeoHash,walk,bus,1,0,0,1
GeoHash,walk,walk,0,1,0,0
GeoHash,walk,walk,0,0,0,0
GeoHash,bus,walk,1,0,1,0
GeoHash,car,car,1,0,0,0
GeoHash,walk,walk,0,0,0,0
GeoHash,bus,walk,1,1,0,0
GeoHash,walk,walk,1,0,0,0
GeoHash,bike,walk,0,0,0,0
GeoHash,bus,walk,1,0,0,0
GeoHash,bus,walk,0,0,1,0
GeoHash,bus,bus,0,0,0,0
GeoHash,car,walk,0,0,0,1
GeoHash,subway,walk,0,0,0,1
GeoHash,walk,bus,0,0,0,0
GeoHash,walk,car,1,0,0,0
GeoHash,bike,walk,0,0,0,0
GeoHash,bus,car,0,0,1,0
GeoHash,walk,car,1,1,1,0
GeoHash,walk,walk,1,1,0,0
GeoHash,walk,walk,1,0,0,0
GeoHash,bike,bus,1,0,0,1
GeoHash,bike,walk,0,0,0,0
GeoHash,bike,walk,0,0,0,1
GeoHash,bus,walk,0,0,0,0
GeoHash,bike,walk,0,0,0,0
GeoHash,walk,car,0,0,1,0
GeoHash,bike,walk,0,0,0,0
GeoHash,car,bus,1,1,0,0
GeoHash,walk,walk,0,0,0,0
GeoHash,bus,walk,0,0,0,0
GeoHash,car,walk,0,0,0,0
GeoHash,bus,walk,0,0,1,0
GeoHash,bus,car,0,0,1,0
GeoHash,bus,walk,0,0,0,0
GeoHash,walk,walk,0,0,0,1
GeoHash,subway,bike,1,0,1,0
GeoHash,bike,walk,1,0,1,0
GeoHash,car,bus,0,0,0,1
GeoHash,bike,walk,1,0,0,0
GeoHash,car,walk,0,0,1,0
GeoHash,walk,car,0,0,0,0
GeoHash,walk,bus,1,0,0,0
GeoHash,walk,walk,0,0,0,0
GeoHash,walk,walk,0,0,0,0
GeoHash,bike,walk,0,0,0,0
GeoHash,car,subway,0,1,0,0
GeoHash,walk,walk,1,0,0,0
GeoHash,bus,walk,0,0,0,0
GeoHash,bike,walk,0,0,0,1
GeoHash,walk,walk,1,0,0,0
GeoHash,walk,walk,0,0,0,0
GeoHash,walk,bus,0,0,1,0
GeoHash,subway,bus,0,0,0,1
GeoHash,walk,walk,0,0,0,1
GeoHash,bike,walk,1,0,0,0
GeoHash,walk,walk,0,0,0,0
GeoHash,car,bus,0,0,0,0
GeoHash,walk,walk,1,0,0,0
GeoHash,walk,walk,0,0,0,0
GeoHash,bus,subway,1,0,0,0
GeoHash,bus,bus,1,0,0,0
GeoHash,walk,bus,0,0,0,1
GeoHash,walk,bus,0,0,0,0
GeoHash,walk,subway,1,0,0,0
GeoHash,walk,bus,1,0,0,0
GeoHash,walk,bus,0,0,1,1
GeoHash,walk,walk,0,0,0,1
GeoHash,bike,bike,1,0,1,0
GeoHash,bike,bus,0,0,0,1
GeoHash,walk,bus,1,0,0,0
GeoHash,car,bus,1,0,0,1
GeoHash,walk,walk,0,0,0,1
GeoHash,bike,bus,0,0,0,1
GeoHash,bus,walk,1,0,0,0
GeoHash,bus,walk,0,0,0,1
GeoHash,bus,subway,0,0,0,1
GeoHash,bus,walk,0,0,0,1
GeoHash,bus,bus,1,0,0,1
GeoHash,bus,bus,0,0,0,1
GeoHash,bike,walk,0,0,0,1
GeoHash,walk,bus,0,0,0,1
GeoHash,walk,bus,0,0,0,0
GeoHash,bus,bus,1,0,0,1
GeoHash,bike,walk,1,0,0,0
GeoHash,bike,walk,0,1,0,1
GeoHash,walk,subway,1,1,0,0
GeoHash,walk,walk,1,0,0,0
GeoHash,car,bus,0,0,0,1
GeoHash,bus,walk,1,0,0,0
GeoHash,subway,bike,0,0,0,0
GeoHash,subway,bus,0,0,0,1
GeoHash,walk,bus,0,0,0,0
GeoHash,bus,walk,0,0,0,1
OV1+GeoHash,bus,walk,1,0,0,0
OV1+GeoHash,walk,walk,1,0,0,0
OV1+GeoHash,car,bus,1,1,0,1
OV1+GeoHash,car,car,0,0,0,0
OV1+GeoHash,walk,walk,1,0,0,1
OV1+GeoHash,bus,car,1,1,0,0
OV1+GeoHash,walk,walk,1,0,0,0
OV1+GeoHash,walk,bike,1,0,0,0
OV1+GeoHash,walk,bike,1,0,0,0
OV1+GeoHash,bus,car,1,0,0,0
OV1+GeoHash,car,walk,1,0,0,0
OV1+GeoHash,walk,walk,0,0,0,0
OV1+GeoHash,bus,car,1,0,0,0
OV1+GeoHash,walk,walk,1,0,0,0
OV1+GeoHash,bike,subway,0,0,0,0
OV1+GeoHash,bus,walk,1,1,0,0
OV1+GeoHash,bus,car,0,1,0,0
OV1+GeoHash,bus,subway,1,0,0,0
OV1+GeoHash,car,subway,1,1,0,0
OV1+GeoHash,subway,bus,1,1,0,1
OV1+GeoHash,walk,walk,0,0,0,0
OV1+GeoHash,walk,walk,0,0,0,0
OV1+GeoHash,bike,bike,1,1,0,0
OV1+GeoHash,bus,bike,1,1,0,0
OV1+GeoHash,walk,walk,1,1,0,0
OV1+GeoHash,walk,walk,1,0,0,0
OV1+GeoHash,walk,walk,1,0,0,0
OV1+GeoHash,bike,bus,1,0,0,1
OV1+GeoHash,bike,walk,1,0,0,1
OV1+GeoHash,bike,car,1,1,0,0
OV1+GeoHash,bus,car,0,1,0,0
OV1+GeoHash,bike,bus,1,1,0,0
OV1+GeoHash,walk,walk,1,0,0,0
OV1+GeoHash,bike,bus,1,0,0,1
OV1+GeoHash,car,bike,1,0,0,0
OV1+GeoHash,walk,walk,0,0,0,0
OV1+GeoHash,bus,car,1,1,0,0
OV1+GeoHash,car,car,1,0,0,0
OV1+GeoHash,bus,bus,1,0,1,0
OV1+GeoHash,bus,car,1,1,0,0
OV1+GeoHash,bus,walk,0,0,0,0
OV1+GeoHash,walk,walk,0,0,0,0
OV1+GeoHash,subway,bike,1,0,0,0
OV1+GeoHash,bike,walk,1,0,0,0
OV1+GeoHash,car,car,0,0,1,0
OV1+GeoHash,bike,walk,1,0,0,0
OV1+GeoHash,car,car,1,0,0,0
OV1+GeoHash,walk,walk,1,0,0,0
OV1+GeoHash,walk,walk,0,0,0,0
OV1+GeoHash,walk,walk,1,1,0,0
OV1+GeoHash,walk,walk,1,1,0,0
OV1+GeoHash,bike,bike,1,0,0,0
OV1+GeoHash,car,car,1,0,0,0
OV1+GeoHash,walk,walk,0,0,0,0
OV1+GeoHash,bus,car,1,0,0,0
OV1+GeoHash,bike,bike,1,0,0,1
OV1+GeoHash,walk,bus,1,0,0,0
OV1+GeoHash,walk,walk,0,0,0,0
OV1+GeoHash,walk,walk,1,1,0,1
OV1+GeoHash,subway,car,1,1,1,1
OV1+GeoHash,walk,walk,1,0,0,0
OV1+GeoHash,bike,bike,1,0,0,0
OV1+GeoHash,walk,walk,1,0,0,0
OV1+GeoHash,car,car,1,0,0,1
OV1+GeoHash,walk,walk,0,0,0,0
OV1+GeoHash,walk,bus,1,1,0,1
OV1+GeoHash,bus,walk,1,0,0,0
OV1+GeoHash,bus,walk,1,0,0,0
OV1+GeoHash,walk,walk,1,1,0,0
OV1+GeoHash,walk,walk,1,0,1,0
OV1+GeoHash,walk,walk,0,0,0,0
OV1+GeoHash,walk,car,1,0,0,0
OV1+GeoHash,walk,walk,1,0,0,0
OV1+GeoHash,walk,walk,0,0,0,1
OV1+GeoHash,bike,walk,1,1,0,0
OV1+GeoHash,bike,car,1,0,0,0
OV1+GeoHash,walk,bike,1,1,0,0
OV1+GeoHash,car,bus,1,0,0,0
OV1+GeoHash,walk,walk,1,0,0,0
OV1+GeoHash,bike,walk,1,0,0,0
OV1+GeoHash,bus,bus,1,0,0,0
OV1+GeoHash,bus,walk,1,0,0,0
OV1+GeoHash,bus,car,1,0,0,0
OV1+GeoHash,bus,walk,1,1,0,0
OV1+GeoHash,bus,car,1,0,0,0
OV1+GeoHash,bus,bike,0,1,0,0
OV1+GeoHash,bike,walk,1,0,0,0
OV1+GeoHash,walk,walk,0,0,0,0
OV1+GeoHash,walk,walk,1,0,0,0
OV1+GeoHash,bus,walk,1,1,0,0
OV1+GeoHash,bike,walk,1,1,0,0
OV1+GeoHash,bike,subway,1,1,0,0
OV1+GeoHash,walk,walk,0,0,0,0
OV1+GeoHash,walk,subway,1,0,0,1
OV1+GeoHash,car,bus,1,1,0,0
OV1+GeoHash,bus,car,1,1,0,1
OV1+GeoHash,subway,car,1,1,0,0
OV1+GeoHash,subway,bus,1,1,0,0
OV1+GeoHash,walk,walk,1,1,1,0
OV1+GeoHash,bus,walk,1,0,0,0
OV2+GeoHash,bus,walk,1,0,0,0
OV2+GeoHash,walk,walk,1,1,0,0
OV2+GeoHash,car,car,1,0,0,0
OV2+GeoHash,car,car,1,0,0,0
OV2+GeoHash,walk,walk,1,0,0,0
OV2+GeoHash,bus,bike,1,0,0,0
OV2+GeoHash,walk,bus,1,0,0,1
OV2+GeoHash,walk,walk,0,0,0,1
OV2+GeoHash,walk,walk,1,0,0,0
OV2+GeoHash,bus,bus,0,0,0,0
OV2+GeoHash,car,walk,0,0,0,0
OV2+GeoHash,walk,walk,0,0,0,0
OV2+GeoHash,bus,car,1,0,0,1
OV2+GeoHash,walk,walk,1,0,0,0
OV2+GeoHash,bike,bus,1,0,0,0
OV2+GeoHash,bus,subway,1,0,0,0
OV2+GeoHash,bus,bus,0,0,0,1
OV2+GeoHash,bus,bus,0,0,0,0
OV2+GeoHash,car,car,0,0,0,1
OV2+GeoHash,subway,car,1,0,0,0
OV2+GeoHash,walk,bike,1,0,0,1
OV2+GeoHash,walk,walk,0,0,0,0
OV2+GeoHash,bike,bike,1,1,0,0
OV2+GeoHash,bus,walk,0,0,0,0
OV2+GeoHash,walk,bike,0,0,0,0
OV2+GeoHash,walk,walk,1,0,0,0
OV2+GeoHash,walk,walk,0,0,0,0
OV2+GeoHash,bike,bike,1,0,0,0
OV2+GeoHash,bike,car,1,0,0,1
OV2+GeoHash,bike,walk,1,0,0,0
OV2+GeoHash,bus,car,1,0,0,0
OV2+GeoHash,bike,car,0,0,0,0
OV2+GeoHash,walk,walk,0,0,0,0
OV2+GeoHash,bike,walk,1,0,0,0
OV2+GeoHash,car,car,1,0,0,0
OV2+GeoHash,walk,car,1,0,0,0
OV2+GeoHash,bus,car,0,0,0,1
OV2+GeoHash,car,car,0,0,0,0
OV2+GeoHash,bus,walk,1,0,0,0
OV2+GeoHash,bus,walk,1,0,0,0
OV2+GeoHash,bus,bus,0,0,0,0
OV2+GeoHash,walk,walk,1,0,0,0
OV2+GeoHash,subway,bus,0,0,0,0
OV2+GeoHash,bike,walk,1,1,0,0
OV2+GeoHash,car,car,1,1,0,0
OV2+GeoHash,bike,walk,1,0,0,0
OV2+GeoHash,car,bus,1,0,0,0
OV2+GeoHash,walk,bus,1,0,0,0
OV2+GeoHash,walk,walk,1,0,0,0
OV2+GeoHash,walk,walk,1,0,0,0
OV2+GeoHash,walk,walk,1,0,0,0
OV2+GeoHash,bike,bike,1,0,0,0
OV2+GeoHash,car,car,0,0,0,0
OV2+GeoHash,walk,walk,0,0,0,0
OV2+GeoHash,bus,bus,1,0,1,0
OV2+GeoHash,bike,bus,1,0,0,0
OV2+GeoHash,walk,walk,1,1,0,0
OV2+GeoHash,walk,walk,1,0,0,0
OV2+GeoHash,walk,walk,1,0,0,0
OV2+GeoHash,subway,subway,0,0,0,0
OV2+GeoHash,walk,walk,0,0,0,0
OV2+GeoHash,bike,car,0,0,0,0
OV2+GeoHash,walk,walk,0,0,0,0
OV2+GeoHash,car,car,0,0,1,0
OV2+GeoHash,walk,walk,0,0,0,0
OV2+GeoHash,walk,walk,1,0,0,0
OV2+GeoHash,bus,bus,0,0,0,0
OV2+GeoHash,bus,walk,1,0,0,0
OV2+GeoHash,walk,walk,0,0,0,0
OV2+GeoHash,walk,walk,1,0,0,0
OV2+GeoHash,walk,walk,1,0,0,0
OV2+GeoHash,walk,walk,1,0,0,0
OV2+GeoHash,walk,walk,1,0,0,0
OV2+GeoHash,walk,walk,1,0,0,0
OV2+GeoHash,bike,bus,0,0,0,0
OV2+GeoHash,bike,walk,1,0,0,0
OV2+GeoHash,walk,walk,1,0,0,0
OV2+GeoHash,car,subway,1,0,0,0
OV2+GeoHash,walk,walk,0,0,0,0
OV2+GeoHash,bike,car,1,0,0,0
OV2+GeoHash,bus,walk,1,1,0,0
OV2+GeoHash,bus,bus,1,0,0,0
OV2+GeoHash,bus,bus,1,0,0,0
OV2+GeoHash,bus,bike,0,0,1,0
OV2+GeoHash,bus,walk,0,0,0,0
OV2+GeoHash,bus,walk,1,0,0,0
OV2+GeoHash,bike,bike,0,0,0,1
OV2+GeoHash,walk,walk,0,0,0,0
OV2+GeoHash,walk,bus,1,0,0,0
OV2+GeoHash,bus,bike,0,0,0,0
OV2+GeoHash,bike,walk,1,1,0,0
OV2+GeoHash,bike,bus,1,0,0,0
OV2+GeoHash,walk,walk,1,1,0,0
OV2+GeoHash,walk,walk,1,0,0,0
OV2+GeoHash,car,walk,0,0,0,0
OV2+GeoHash,bus,subway,0,0,0,0
OV2+GeoHash,subway,subway,1,0,0,0
OV2+GeoHash,subway,subway,1,0,0,1
OV2+GeoHash,walk,walk,1,0,0,0
OV2+GeoHash,bus,walk,0,0,0,0
"GeoHash, t",bus,walk,0,0,1,0
"GeoHash, t",walk,walk,0,0,0,0
"GeoHash, t",car,bus,1,1,0,0
"GeoHash, t",car,car,1,1,0,1
"GeoHash, t",walk,walk,0,0,0,0
"GeoHash, t",bus,walk,0,0,0,1
"GeoHash, t",walk,walk,1,0,0,0
"GeoHash, t",walk,walk,1,0,0,0
"GeoHash, t",walk,walk,1,1,0,0
"GeoHash, t",bus,subway,0,0,0,1
"GeoHash, t",car,walk,1,0,0,0
"GeoHash, t",walk,walk,0,0,0,0
"GeoHash, t",bus,bus,1,0,0,0
"GeoHash, t",walk,bus,1,0,0,0
"GeoHash, t",bike,bike,1,0,0,0
"GeoHash, t",bus,walk,1,1,0,1
"GeoHash, t",bus,walk,0,0,0,0
"GeoHash, t",bus,walk,1,1,0,1
"GeoHash, t",car,bus,1,0,0,0
"GeoHash, t",subway,subway,1,0,0,0
"GeoHash, t",walk,walk,0,0,0,0
"GeoHash, t",walk,walk,1,0,0,1
"GeoHash, t",bike,walk,1,0,0,0
"GeoHash, t",bus,walk,1,0,0,0
"GeoHash, t",walk,bus,1,0,0,0
"GeoHash, t",walk,walk,1,0,0,0
"GeoHash, t",walk,bus,1,0,0,0
"GeoHash, t",bike,bus,1,1,0,0
"GeoHash, t",bike,bus,1,0,0,1
"GeoHash, t",bike,walk,1,0,0,0
"GeoHash, t",bus,bus,0,0,0,1
"GeoHash, t",bike,walk,0,0,0,1
"GeoHash, t",walk,walk,1,1,0,0
"GeoHash, t",bike,bus,1,1,0,1
"GeoHash, t",car,bus,1,1,0,0
"GeoHash, t",walk,bus,1,0,0,1
"GeoHash, t",bus,walk,1,0,0,0
"GeoHash, t",car,bus,1,0,0,0
"GeoHash, t",bus,walk,1,1,0,1
"GeoHash, t",bus,car,1,0,0,0
"GeoHash, t",bus,walk,1,0,0,0
"GeoHash, t",walk,walk,1,0,0,0
"GeoHash, t",subway,walk,1,0,0,0
"GeoHash, t",bike,bus,1,0,0,0
"GeoHash, t",car,car,0,0,0,0
"GeoHash, t",walk,walk,1,0,1,0
"GeoHash, t",walk,walk,1,0,0,0
"GeoHash, t",walk,walk,0,0,0,0
"GeoHash, t",walk,car,1,1,0,0
"GeoHash, t",walk,walk,0,0,0,0
"GeoHash, t",walk,bus,1,0,0,0
"GeoHash, t",bike,walk,1,1,0,0
"GeoHash, t",car,car,0,0,0,1
"GeoHash, t",walk,walk,1,0,0,1
"GeoHash, t",bus,bus,1,0,0,0
"GeoHash, t",bike,walk,1,1,0,0
"GeoHash, t",walk,walk,0,0,0,0
"GeoHash, t",walk,bus,1,0,0,0
"GeoHash, t",walk,car,1,0,0,0
"GeoHash, t",subway,bus,0,0,0,1
"GeoHash, t",walk,walk,1,1,0,0
"GeoHash, t",bike,walk,1,0,0,0
"GeoHash, t",walk,walk,0,0,0,0
"GeoHash, t",car,car,0,0,0,1
"GeoHash, t",walk,walk,1,0,0,0
"GeoHash, t",walk,car,1,1,0,0
"GeoHash, t",bus,subway,1,0,0,0
"GeoHash, t",bus,walk,0,0,0,0
"GeoHash, t",walk,walk,0,0,0,1
"GeoHash, t",walk,walk,0,0,0,1
"GeoHash, t",walk,walk,1,0,0,0
"GeoHash, t",walk,subway,1,0,0,0
"GeoHash, t",walk,walk,1,1,0,0
"GeoHash, t",walk,walk,1,0,0,0
"GeoHash, t",bike,walk,1,0,0,1
"GeoHash, t",bike,walk,0,0,0,0
"GeoHash, t",walk,walk,1,0,0,0
"GeoHash, t",car,car,1,0,0,0
"GeoHash, t",walk,walk,1,0,0,0
"GeoHash, t",bike,walk,0,0,1,0
"GeoHash, t",bus,bike,1,0,0,1
"GeoHash, t",bus,walk,0,0,0,0
"GeoHash, t",bus,walk,0,0,0,0
"GeoHash, t",bus,bus,0,1,0,0
"GeoHash, t",bus,bus,1,0,0,0
"GeoHash, t",bus,walk,1,0,0,0
"GeoHash, t",bike,bus,0,1,0,0
"GeoHash, t",walk,walk,1,0,0,0
"GeoHash, t",walk,walk,1,0,0,0
"GeoHash, t",bus,bus,0,0,0,0
"GeoHash, t",bike,walk,1,0,0,0
"GeoHash, t",bike,bus,1,0,0,0
"GeoHash, t",walk,bus,0,0,0,0
"GeoHash, t",walk,walk,1,0,0,1
"GeoHash, t",car,walk,1,0,0,1
"GeoHash, t",bus,bus,1,0,0,0
"GeoHash, t",subway,car,1,0,0,1
"GeoHash, t",subway,walk,0,0,0,0
"GeoHash, t",walk,walk,0,0,0,1
"GeoHash, t",bus,walk,1,0,0,0
"OV1+(GeoHash, t)",bus,walk,1,0,0,0
"OV1+(GeoHash, t)",walk,walk,1,1,0,0
"OV1+(GeoHash, t)",car,car,0,0,0,0
"OV1+(GeoHash, t)",car,car,1,0,0,0
"OV1+(GeoHash, t)",walk,walk,1,0,0,0
"OV1+(GeoHash, t)",bus,car,1,1,0,0
"OV1+(GeoHash, t)",walk,car,0,1,0,1
"OV1+(GeoHash, t)",walk,bus,1,1,1,0
"OV1+(GeoHash, t)",walk,walk,1,1,0,1
"OV1+(GeoHash, t)",bus,car,1,1,0,0
"OV1+(GeoHash, t)",car,walk,1,0,0,0
"OV1+(GeoHash, t)",walk,walk,1,0,0,0
"OV1+(GeoHash, t)",bus,car,1,1,0,0
"OV1+(GeoHash, t)",walk,walk,1,0,0,0
"OV1+(GeoHash, t)",bike,car,0,0,0,0
"OV1+(GeoHash, t)",bus,bus,0,0,0,0
"OV1+(GeoHash, t)",bus,walk,1,1,0,1
"OV1+(GeoHash, t)",bus,car,1,1,0,0
"OV1+(GeoHash, t)",car,car,0,0,0,0
"OV1+(GeoHash, t)",subway,subway,0,0,0,0
"OV1+(GeoHash, t)",walk,walk,1,0,0,0
"OV1+(GeoHash, t)",walk,walk,1,1,0,0
"OV1+(GeoHash, t)",bike,walk,1,1,0,0
"OV1+(GeoHash, t)",bus,bus,1,0,0,0
"OV1+(GeoHash, t)",walk,bike,0,0,0,0
"OV1+(GeoHash, t)",walk,walk,0,1,0,0
"OV1+(GeoHash, t)",walk,walk,0,0,0,1
"OV1+(GeoHash, t)",bike,bus,1,1,0,1
"OV1+(GeoHash, t)",bike,bike,1,1,0,0
"OV1+(GeoHash, t)",bike,walk,1,1,0,1
"OV1+(GeoHash, t)",bus,bus,1,0,0,0
"OV1+(GeoHash, t)",bike,bus,1,1,0,0
"OV1+(GeoHash, t)",walk,walk,1,0,0,0
"OV1+(GeoHash, t)",bike,bus,1,0,1,0
"OV1+(GeoHash, t)",car,walk,1,0,0,0
"OV1+(GeoHash, t)",walk,walk,1,0,0,0
"OV1+(GeoHash, t)",bus,car,1,1,0,0
"OV1+(GeoHash, t)",car,car,1,0,0,0
"OV1+(GeoHash, t)",bus,walk,1,0,1,0
"OV1+(GeoHash, t)",bus,bike,1,0,0,0
"OV1+(GeoHash, t)",bus,walk,0,0,0,0
"OV1+(GeoHash, t)",walk,bike,0,0,0,0
"OV1+(GeoHash, t)",subway,walk,1,0,0,0
"OV1+(GeoHash, t)",bike,subway,1,0,0,0
"OV1+(GeoHash, t)",car,car,1,0,0,0
"OV1+(GeoHash, t)",bike,walk,1,0,0,0
"OV1+(GeoHash, t)",car,car,0,0,0,0
"OV1+(GeoHash, t)",walk,walk,1,1,0,0
"OV1+(GeoHash, t)",walk,walk,1,0,0,0
"OV1+(GeoHash, t)",walk,walk,1,0,0,0
"OV1+(GeoHash, t)",walk,walk,1,0,0,0
"OV1+(GeoHash, t)",bike,walk,1,1,0,0
"OV1+(GeoHash, t)",car,car,1,0,0,0
"OV1+(GeoHash, t)",walk,car,1,0,0,1
"OV1+(GeoHash, t)",bus,car,1,0,0,0
"OV1+(GeoHash, t)",bike,bike,1,1,0,0
"OV1+(GeoHash, t)",walk,walk,1,0,0,0
"OV1+(GeoHash, t)",walk,walk,1,0,0,0
"OV1+(GeoHash, t)",walk,car,1,0,0,0
"OV1+(GeoHash, t)",subway,subway,0,0,0,0
"OV1+(GeoHash, t)",walk,walk,1,0,0,0
"OV1+(GeoHash, t)",bike,bus,1,0,0,0
"OV1+(GeoHash, t)",walk,walk,1,0,0,0
"OV1+(GeoHash, t)",car,car,0,0,0,0
"OV1+(GeoHash, t)",walk,walk,1,0,0,0
"OV1+(GeoHash, t)",walk,walk,1,1,0,1
"OV1+(GeoHash, t)",bus,bus,0,1,1,0
"OV1+(GeoHash, t)",bus,car,1,0,0,1
"OV1+(GeoHash, t)",walk,bike,1,0,0,0
"OV1+(GeoHash, t)",walk,walk,1,0,0,0
"OV1+(GeoHash, t)",walk,bus,1,0,0,1
"OV1+(GeoHash, t)",walk,walk,1,1,0,0
"OV1+(GeoHash, t)",walk,walk,1,0,0,0
"OV1+(GeoHash, t)",walk,walk,0,0,0,0
"OV1+(GeoHash, t)",bike,walk,0,0,0,0
"OV1+(GeoHash, t)",bike,walk,1,0,1,0
"OV1+(GeoHash, t)",walk,walk,1,1,0,0
"OV1+(GeoHash, t)",car,bus,0,1,0,0
"OV1+(GeoHash, t)",walk,walk,1,0,0,0
"OV1+(GeoHash, t)",bike,car,1,1,0,0
"OV1+(GeoHash, t)",bus,walk,1,0,0,0
"OV1+(GeoHash, t)",bus,bus,1,0,0,1
"OV1+(GeoHash, t)",bus,bus,0,0,0,0
"OV1+(GeoHash, t)",bus,car,1,1,0,0
"OV1+(GeoHash, t)",bus,bus,1,0,0,0
"OV1+(GeoHash, t)",bus,walk,0,0,0,1
"OV1+(GeoHash, t)",bike,car,1,1,0,0
"OV1+(GeoHash, t)",walk,walk,1,0,0,0
"OV1+(GeoHash, t)",walk,walk,1,1,0,0
"OV1+(GeoHash, t)",bus,car,1,0,0,0
"OV1+(GeoHash, t)",bike,walk,1,0,0,1
"OV1+(GeoHash, t)",bike,car,1,1,0,0
"OV1+(GeoHash, t)",walk,walk,1,0,0,0
"OV1+(GeoHash, t)",walk,walk,1,0,0,0
"OV1+(GeoHash, t)",car,car,1,1,0,0
"OV1+(GeoHash, t)",bus,car,1,0,0,0
"OV1+(GeoHash, t)",subway,car,1,0,0,0
"OV1+(GeoHash, t)",subway,bus,0,0,0,0
"OV1+(GeoHash, t)",walk,walk,1,1,0,0
"OV1+(GeoHash, t)",bus,walk,1,0,0,0
"OV2+(GeoHash, t)",bus,walk,0,0,0,0
"OV2+(GeoHash, t)",walk,walk,1,0,0,0
"OV2+(GeoHash, t)",car,car,1,0,0,0
"OV2+(GeoHash, t)",car,subway,0,1,0,0
"OV2+(GeoHash, t)",walk,walk,1,0,0,0
"OV2+(GeoHash, t)",bus,bike,0,0,0,1
"OV2+(GeoHash, t)",walk,bus,0,0,0,0
"OV2+(GeoHash, t)",walk,walk,1,0,0,0
"OV2+(GeoHash, t)",walk,walk,0,0,0,0
"OV2+(GeoHash, t)",bus,walk,1,0,0,0
"OV2+(GeoHash, t)",car,walk,1,0,0,0
"OV2+(GeoHash, t)",walk,walk,1,0,0,0
"OV2+(GeoHash, t)",bus,car,1,0,0,0
"OV2+(GeoHash, t)",walk,walk,1,0,0,0
"OV2+(GeoHash, t)",bike,car,1,0,0,0
"OV2+(GeoHash, t)",bus,bike,1,0,0,0
"OV2+(GeoHash, t)",bus,walk,0,1,0,0
"OV2+(GeoHash, t)",bus,car,1,1,0,0
"OV2+(GeoHash, t)",car,car,1,0,0,0
"OV2+(GeoHash, t)",subway,car,1,0,0,0
"OV2+(GeoHash, t)",walk,walk,1,0,0,0
"OV2+(GeoHash, t)",walk,walk,1,0,0,0
"OV2+(GeoHash, t)",bike,bike,1,1,0,0
"OV2+(GeoHash, t)",bus,car,1,0,0,0
"OV2+(GeoHash, t)",walk,walk,1,1,1,0
"OV2+(GeoHash, t)",walk,walk,0,0,0,0
"OV2+(GeoHash, t)",walk,bus,1,0,1,0
"OV2+(GeoHash, t)",bike,walk,1,1,0,0
"OV2+(GeoHash, t)",bike,walk,0,0,0,0
"OV2+(GeoHash, t)",bike,bike,0,0,0,0
"OV2+(GeoHash, t)",bus,bus,1,1,0,0
"OV2+(GeoHash, t)",bike,walk,1,1,0,0
"OV2+(GeoHash, t)",walk,walk,1,0,0,0
"OV2+(GeoHash, t)",bike,bike,1,0,0,0
"OV2+(GeoHash, t)",car,bus,1,1,0,0
"OV2+(GeoHash, t)",walk,walk,1,0,0,0
"OV2+(GeoHash, t)",bus,bus,1,0,0,0
"OV2+(GeoHash, t)",car,car,0,0,0,0
"OV2+(GeoHash, t)",bus,walk,1,0,0,0
"OV2+(GeoHash, t)",bus,walk,1,0,0,0
"OV2+(GeoHash, t)",bus,car,0,0,0,0
"OV2+(GeoHash, t)",walk,walk,1,0,0,0
"OV2+(GeoHash, t)",subway,walk,1,0,0,0
"OV2+(GeoHash, t)",bike,bike,1,0,0,0
"OV2+(GeoHash, t)",car,car,1,1,0,0
"OV2+(GeoHash, t)",bike,walk,0,0,0,0
"OV2+(GeoHash, t)",car,subway,1,0,0,0
"OV2+(GeoHash, t)",walk,walk,0,0,0,0
"OV2+(GeoHash, t)",walk,walk,1,0,0,0
"OV2+(GeoHash, t)",walk,walk,1,0,0,1
"OV2+(GeoHash, t)",walk,bike,1,0,0,0
"OV2+(GeoHash, t)",bike,walk,1,1,0,0
"OV2+(GeoHash, t)",car,car,1,1,0,0
"OV2+(GeoHash, t)",walk,bike,1,1,0,0
"OV2+(GeoHash, t)",bus,walk,1,0,0,1
"OV2+(GeoHash, t)",bike,bike,1,0,0,0
"OV2+(GeoHash, t)",walk,walk,0,0,0,0
"OV2+(GeoHash, t)",walk,walk,1,0,0,0
"OV2+(GeoHash, t)",walk,walk,1,0,0,0
"OV2+(GeoHash, t)",subway,car,1,1,0,0
"OV2+(GeoHash, t)",walk,walk,0,0,0,0
"OV2+(GeoHash, t)",bike,bike,0,0,0,0
"OV2+(GeoHash, t)",walk,walk,1,0,0,0
"OV2+(GeoHash, t)",car,car,1,0,1,0
"OV2+(GeoHash, t)",walk,walk,0,1,0,0
"OV2+(GeoHash, t)",walk,walk,1,0,0,0
"OV2+(GeoHash, t)",bus,bike,1,0,1,0
"OV2+(GeoHash, t)",bus,walk,1,0,0,0
"OV2+(GeoHash, t)",walk,walk,1,0,0,0
"OV2+(GeoHash, t)",walk,walk,1,1,0,0
"OV2+(GeoHash, t)",walk,subway,1,1,0,0
"OV2+(GeoHash, t)",walk,walk,1,0,0,0
"OV2+(GeoHash, t)",walk,walk,1,0,0,0
"OV2+(GeoHash, t)",walk,walk,1,0,0,0
"OV2+(GeoHash, t)",bike,bike,1,0,0,0
"OV2+(GeoHash, t)",bike,car,0,0,1,0
"OV2+(GeoHash, t)",walk,bike,1,0,0,0
"OV2+(GeoHash, t)",car,car,1,1,0,0
"OV2+(GeoHash, t)",walk,car,1,0,0,0
"OV2+(GeoHash, t)",bike,bus,0,1,0,0
"OV2+(GeoHash, t)",bus,car,1,0,0,0
"OV2+(GeoHash, t)",bus,car,1,0,0,0
"OV2+(GeoHash, t)",bus,bus,1,1,0,0
"OV2+(GeoHash, t)",bus,bike,1,1,0,0
"OV2+(GeoHash, t)",bus,bus,1,0,0,0
"OV2+(GeoHash, t)",bus,bus,1,0,0,0
"OV2+(GeoHash, t)",bike,bus,1,0,0,0
"OV2+(GeoHash, t)",walk,walk,0,0,0,0
"OV2+(GeoHash, t)",walk,walk,1,0,0,0
"OV2+(GeoHash, t)",bus,bus,1,0,0,0
"OV2+(GeoHash, t)",bike,walk,1,0,0,0
"OV2+(GeoHash, t)",bike,bus,1,0,0,0
"OV2+(GeoHash, t)",walk,walk,1,0,0,0
"OV2+(GeoHash, t)",walk,bike,1,0,0,0
"OV2+(GeoHash, t)",car,bike,1,1,0,0
"OV2+(GeoHash, t)",bus,car,1,0,0,0
"OV2+(GeoHash, t)",subway,car,1,1,0,0
"OV2+(GeoHash, t)",subway,subway,1,0,0,0
"OV2+(GeoHash, t)",walk,walk,1,1,0,0
"OV2+(GeoHash, t)",bus,walk,1,0,0,0
